couplings,E0,E1,E2,E3,E4,E5,E6,E7,E8,E9,gapE0,gapE1,gapE2,gapE3,gapE4,gapE5,gapE6,gapE7,gapE8,elec,magn
0.0,-8.553376642774734e-16,11.999999999999876,11.999999999999957,11.999999999999963,11.999999999999977,15.999999999999865,15.99999999999992,15.999999999999924,15.999999999999932,15.99999999999996,11.999999999999876,11.999999999999957,11.999999999999963,11.999999999999977,15.999999999999865,15.99999999999992,15.999999999999924,15.999999999999932,15.99999999999996,2.735103087045542e-30,7.128071924663431e-17
0.01,-6.734017649116377e-05,11.879872053574546,11.879872053574553,11.879939393806033,11.879939393806078,15.839898988553601,15.839898988754873,15.839898988915907,15.839898988916005,15.839898989318502,11.879939393751037,11.879939393751044,11.880006733982524,11.880006733982569,15.839966328730092,15.839966328931364,15.839966329092398,15.839966329092496,15.839966329494994,6.802060078317667e-05,-0.013468057126025907
0.02,-0.00027211064388456215,11.759482988290209,11.759482988290326,11.759755099841552,11.759755099841556,15.679591814543038,15.67959181786352,15.679591820519928,15.679591820520033,15.679591827161184,11.759755098934093,11.75975509893421,11.760027210485436,11.76002721048544,15.679863925186922,15.679863928507404,15.679863931163812,15.679863931163917,15.679863937805068,0.0002776675965451493,-0.02721124442470174
0.03,-0.0006185661002255325,11.638824716647923,11.638824716647951,11.63944328748729,11.639443287487381,15.519072049084778,15.519072066422396,15.519072080291886,15.519072080291924,15.519072114968166,11.639443282748148,11.639443282748177,11.640061853587516,11.640061853587607,15.519690615185004,15.519690632522622,15.519690646392112,15.51969064639215,15.519690681068392,0.0006377163909590401,-0.04123836664874163
0.04,-0.0011111417560421555,11.517888805350042,11.51788880535008,11.518999962567076,11.518999962567078,15.358332955545844,15.358333012081095,15.358333057305629,15.358333057305682,15.358333170382316,11.518999947106083,11.51899994710612,11.520111104323117,11.520111104323119,15.359444097301886,15.359444153837137,15.35944419906167,15.359444199061723,15.359444312138358,0.00115750317648537,-0.05555862013664553
0.05,-0.0017544631718592002,11.396666456172763,11.396666456172795,11.398420958329115,11.398420958329135,15.197367469157818,15.197367611619866,15.197367725575058,15.197367725575146,15.197368010523967,11.398420919344623,11.398420919344655,11.400175421500975,11.400175421500995,15.199121932329678,15.199122074791726,15.199122188746918,15.199122188747006,15.199122473695827,0.0018469658947112158,-0.07018161543692891
0.06,-0.0025533567568767923,11.275148485522154,11.275148485522157,11.277701925814625,11.277701925814664,15.036168174903239,15.03616847992728,15.036168723900712,15.036168723900747,15.036169334026535,11.277701842279031,11.277701842279034,11.280255282571503,11.280255282571542,15.038721531660116,15.038721836684157,15.038722080657589,15.038722080657625,15.038722690783413,0.0027166886559161964,-0.08511740155714685
0.07,-0.00351286098132997,11.153325302562964,11.153325302562976,11.156838323560574,11.156838323560617,14.874727283494652,14.874727867215602,14.874728334070657,14.874728334070731,14.874729501719617,11.156838163544293,11.156838163544306,11.160351184541904,11.160351184541947,14.878240144475981,14.878240728196932,14.878241195051986,14.87824119505206,14.878242362700947,0.0037779499539297985,-0.10037649197830388
0.08,-0.004638238361554899,11.031186885801876,11.031186885801919,11.035825406583912,11.035825406584044,14.713036605248266,14.71303763429792,14.713038457251661,14.713038457251672,14.713040515838683,11.03582512416343,11.035825124163473,11.040463644945467,11.040463644945598,14.71767484360982,14.717675872659475,14.717676695613216,14.717676695613227,14.717678754200238,0.005042775049582864,-0.11596989258957137
0.09,-0.005934988280731504,10.90872275798812,10.90872275798814,10.914658214585815,10.914658214585833,14.551087521627018,14.551089225722246,14.551090588387083,14.551090588387089,14.55109399762439,10.914657746268851,10.914657746268873,10.920593202866547,10.920593202866565,14.55702250990775,14.557024214002977,14.557025576667815,14.55702557666782,14.557028985905122,0.006523992937958084,-0.13190913171421673
0.1,-0.007408860715875756,10.785921959188705,10.785921959188743,10.79333155930975,10.793331559309767,14.38887095420206,14.38887364054096,14.388875788398076,14.388875788398106,14.388881163162699,10.79333081990458,10.793330819904618,10.800740420025626,10.800740420025642,14.396279814917936,14.396282501256835,14.396284649113952,14.396284649113982,14.396290023878574,0.008235298361873112,-0.1482062924156366
0.11,-0.00906587094744537,10.662773017873194,10.662773017873288,10.67184001098297,10.67184001098299,14.226377330747859,14.226381400458067,14.22638465395613,14.226384653956147,14.226392797297272,10.67183888882064,10.671838888820734,10.680905881930416,10.680905881930435,14.235443201695304,14.235447271405512,14.235450524903575,14.235450524903593,14.235458668244718,0.010191319387333343,-0.16487404729243513
0.12,-0.010912315336369308,10.539263919829416,10.53926391982945,10.550177883758813,10.55017788375886,14.063596548150807,14.063602515072871,14.063607284570379,14.0636072845704,14.06361922543041,10.550176235165786,10.55017623516582,10.561090199095183,10.56109019909523,14.074508863487177,14.07451483040924,14.074519599906749,14.07451959990677,14.07453154076678,0.01240769111696157,-0.18192569599413863
0.13,-0.012954788261368647,10.415382074711838,10.415382074711854,10.428339220074148,10.42833922007415,13.90051793176777,13.900526443895517,13.900533246698712,13.900533246698759,13.900550283006476,10.428336862973206,10.428336862973222,10.441294008335516,10.441294008335518,13.913472720029137,13.913481232156885,13.91348803496008,13.913488034960126,13.913505071267844,0.014901136185660049,-0.19937520571453057
0.14,-0.015200200319003368,10.291114280000409,10.291114280000432,10.306317773823716,10.306317773823721,13.737130190825694,13.737142054770958,13.737151534554595,13.737151534554599,13.737175282447417,10.306314480319413,10.306314480319436,10.32151797414272,10.321517974142726,13.752330391144698,13.752342255089962,13.7523517348736,13.752351734873603,13.752375482766421,0.017689552760182917,-0.21723725494828577
0.15,-0.017655797899917412,10.166446682125775,10.16644668212579,10.184106992245974,10.184106992245988,13.573421369391902,13.573437578300341,13.573450527239949,13.573450527239961,13.573482977285728,10.184102480025693,10.184102480025707,10.201762790145892,10.201762790145906,13.59107716729182,13.59109337620026,13.591106325139867,13.59110632513988,13.591138775185646,0.020792110852277484,-0.2355272808289648
0.16,-0.02032918426611473,10.041364734485134,10.041364734485175,10.061699996400895,10.06169999640096,13.409378792387947,13.409400557790127,13.409417941784119,13.409417941784122,13.409461523208414,10.06169391875125,10.06169391875129,10.08202918066701,10.082029180667076,13.429707976654063,13.429729742056242,13.429747126050234,13.429747126050238,13.42979070747453,0.02422935785521596,-0.2542615304030875
0.17,-0.023228342268161038,9.915853152045386,9.915853152045429,9.939089560110206,9.939089560110231,13.244989006036635,13.245017794197853,13.245040781613636,13.245040781613676,13.245098435691476,9.939081494313548,9.93908149431359,9.962317902378368,9.962317902378393,13.268217348304796,13.268246136466015,13.268269123881797,13.268269123881838,13.268326777959638,0.028023334327784952,-0.27345711623658864
0.18,-0.026361658855602578,9.789895862188763,9.78989586218878,9.81626808721373,9.816268087213775,13.080237712053679,13.080275285466932,13.080305279911835,13.080305279911885,13.080380543867328,9.816257521044365,9.816257521044383,9.842629746069333,9.842629746069377,13.106599370909281,13.106636944322535,13.106666938767438,13.106666938767487,13.10674220272293,0.03219770118036204,-0.2931320767971988
0.19,-0.02973795155147332,9.663475951419727,9.663475951419818,9.693227586983722,9.693227586983818,12.915109694786997,12.915158159557537,12.915196837251093,12.915196837251147,12.915293940221284,9.6932139029712,9.69321390297129,9.722965538535195,9.722965538535291,12.94484764633847,12.94489611110901,12.944934788802566,12.94493478880262,12.945031891772757,0.036777879567222234,-0.31330544211013106
0.2,-0.03336649708054765,9.53657560750081,9.536575607500849,9.569959647515981,9.56995964751601,12.749588740393731,12.749650600378223,12.749699952793497,12.749699952793515,12.749823925664893,9.569942104581358,9.569942104581397,9.60332614459653,9.603326144596558,12.78295523747428,12.783017097458771,12.783066449874045,12.783066449874063,12.783190422745442,0.04179120496078001,-0.33399730524585275
0.21,-0.03725706236267796,9.409176056530947,9.409176056530953,9.446455406900961,9.44645540690097,12.58365754700607,12.583735765705717,12.5837981482525,12.583798148252543,12.583954949474856,9.446433118893625,9.44643311889363,9.483712469263638,9.483712469263647,12.620914609368747,12.620992828068394,12.621055210615177,12.62105521061522,12.621212011837533,0.04726709708078568,-0.355228900269069
0.22,-0.041419938107353546,9.281257494419576,9.28125749441962,9.322705521953552,9.322705521953624,12.417297624673084,12.417395696043249,12.417473883689313,12.417473883689322,12.417670543521492,9.322677432526929,9.322677432526973,9.364125460060905,9.364125460060977,12.458717562780437,12.458815634150602,12.458893821796666,12.458893821796675,12.459090481628845,0.05323724757890052,-0.3770226873586261
0.23,-0.04586597527298106,9.15279901213397,9.152799012134015,9.198700134254707,9.198700134254745,12.250489183678797,12.250611213202987,12.25070846407649,12.250708464076581,12.25095325013456,9.198664987406952,9.198664987406996,9.244566109527689,9.244566109527726,12.296355158951778,12.296477188475968,12.296574439349472,12.296574439349563,12.29681922540754,0.059735827641815585,-0.39940244590080987
0.24,-0.05060662468663671,9.02377851401455,9.023778514014571,9.074428833228948,9.074428833228954,12.083211009609748,12.083361807208652,12.083481935397083,12.083481935397145,12.083784542866324,9.074385138701187,9.074385138701208,9.125035457915585,9.12503545791559,12.133817634296385,12.133968431895289,12.13408856008372,12.134088560083782,12.13439116755296,0.06679971798034326,-0.42239337646539676
0.25,-0.05565398015547073,8.89417262835638,8.89417262835639,8.949880615950624,8.94988061595063,11.915440323280789,11.915625509887386,11.915772968852577,11.915772968852586,11.916144739312813,8.94982660851185,8.949826608511861,9.005534596106095,9.0055345961061,11.97109430343626,11.971279490042857,11.971426949008048,11.971426949008057,11.971798719468284,0.07446876402519748,-0.4460222126974685
0.26,-0.06102082544289527,8.763956609339449,8.763956609339456,8.825043843333146,8.825043843333152,11.747152623311806,11.747378753251528,11.747558731523963,11.747558731523966,11.748012905035637,8.824977434782344,8.824977434782351,8.886064668776042,8.886064668776047,11.808173448754701,11.808399578694424,11.808579556966858,11.808579556966862,11.809033730478532,0.08278605956143065,-0.4703173443013594
0.27,-0.06672068552924579,8.633104229257635,8.633104229257674,8.699906192313897,8.699906192313922,11.578321508773108,11.578596210451435,11.578814741555519,11.578814741555528,11.57936674749315,8.69982491478688,8.69982491478692,8.766626877843143,8.766626877843168,11.645042194302354,11.645316895980681,11.645535427084765,11.645535427084774,11.646087433022396,0.09179826251357544,-0.4953089524598312
0.28,-0.07276788263134135,8.501587659840649,8.501587659840672,8.574454603599625,8.574454603599632,11.408918478868722,11.409250616698147,11.409514705606657,11.409514705606659,11.410182498731176,8.57435554247199,8.574355542472013,8.647222486230966,8.647222486230973,11.481686361500063,11.482018499329488,11.482282588237998,11.482282588238,11.482950381362517,0.1015559471555728,-0.5210291592262256
0.29,-0.07917759751751144,8.369377341277259,8.369377341277332,8.448675224482715,8.448675224482791,11.238912706088774,11.239312567096361,11.239630335926437,11.239630335926453,11.240434785399067,8.44855493879477,8.448554938794842,8.527852822000225,8.527852822000302,11.318090303606285,11.318490164613872,11.318807933443948,11.318807933443964,11.319612382916578,0.11211399767953657,-0.5475121926550931
0.3,-0.08596593672699547,8.236441837331183,8.236441837331204,8.322553346176816,8.322553346176841,11.068270778617016,11.068750287778427,11.069131143940002,11.069131143940032,11.070096484442375,8.32240777405818,8.3224077740582,8.408519282903812,8.408519282903837,11.154236715344013,11.154716224505423,11.155097080666998,11.155097080667028,11.156062421169372,0.12353204883483795,-0.5747945697046011
0.31,-0.09315000638568921,8.102747674679922,8.102747674679968,8.19607333504717,8.196073335047213,10.896956406999722,10.897529376060374,10.897984206669493,10.897984206669511,10.899138562566439,8.195897681065611,8.195897681065658,8.28922334143286,8.289223341432903,10.990106413385412,10.990679382446064,10.991134213055183,10.9911342130552,10.992288568952128,0.13587498026782224,-0.602915299259613
0.32,-0.10074799340749305,7.968259164299655,7.96825916429966,8.06921855703389,8.069218557033906,10.724930089138923,10.725612504533403,10.726153901632184,10.726153901632214,10.727529897267821,8.069007157707148,8.069007157707153,8.169966550441384,8.1699665504414,10.825678082546416,10.826360497940897,10.826901895039677,10.826901895039708,10.828277890675315,0.14921347228227502,-0.6319161079982518
0.33,-0.1087792549832894,7.832938202344089,7.832938202344091,7.941971294467397,7.941971294467425,10.552148726526454,10.552959083017985,10.553601605025845,10.553601605025861,10.555237076869046,7.941717457327379,7.941717457327381,8.050750549450687,8.050750549450715,10.660927981509744,10.661738338001275,10.662380860009135,10.66238086000915,10.664016331852336,0.16362463203801925,-0.6618416922689907
0.34,-0.11726441739128138,7.6967440475225715,7.696744047522605,7.814312654374326,7.8143126543743415,10.378565183241472,10.379524871096924,10.38028534699933,10.380285346999358,10.382224176569936,7.814008464913853,7.814008464913886,7.931577071765608,7.931577071765623,10.495829600632753,10.496789288488205,10.49754976439061,10.497549764390639,10.499488593961217,0.17919270075535396,-0.6927399996759234
0.35000000000000003,-0.12622548531750177,7.5596330714368385,7.559633071436862,7.686222467243166,7.686222467243198,10.204127777520835,10.205261532458659,10.206159416559041,10.206159416559046,10.20845250701261,7.68585855675434,7.685858556754363,7.812447952560667,7.812447952560699,10.330353262838337,10.33148701777616,10.332384901876543,10.332384901876548,10.334677992330112,0.19600985435334511,-0.7246625447062242
0.36,-0.13568596305741104,7.421558477681904,7.4215584776819306,7.55767917508274,7.557679175082764,10.028779693622091,10.030116120442667,10.03117390712618,10.03117390712621,10.033880331240649,7.557244440739315,7.557244440739342,7.693365138140151,7.693365138140175,10.164465656679502,10.165802083500077,10.16685987018359,10.16685987018362,10.16956629429806,0.21417711219197624,-0.7576647635007513
0.37,-0.1456709891845457,7.282469984708777,7.282469984708792,7.42865970743916,7.4286597074391825,9.852458299110765,9.854030481896986,9.855274191854575,9.855274191854576,9.858462545181311,7.428140973893322,7.4281409738933375,7.574330696623706,7.574330696623728,9.99812928829531,9.999701471081531,10.00094518103912,10.000945181039121,10.004133534365856,0.2338053713025738,-0.7918064137977716
0.38,-0.15620748652837732,7.1423134664607755,7.142313466460802,7.299139343850595,7.2991393438506105,9.675094349519629,9.676940563603226,9.678400315441397,9.678400315441435,9.68215031585501,7.298520952989152,7.298520952989179,7.455346830378972,7.455346830378987,9.831301836048006,9.833148050131603,9.834607801969774,9.834607801969812,9.838357802383387,0.2550165867934303,-0.8271520272113275
0.39,-0.16732432960736326,7.0010305435729,7.001030543572943,7.169091561001806,7.169091561001828,9.496611058371725,9.498775601954874,9.500486286187403,9.500486286187439,9.504890670382173,7.168354873180263,7.168354873180307,7.336415890609169,7.336415890609191,9.663935387979087,9.666099931562236,9.667810615794766,9.667810615794801,9.672214999989535,0.2779451231564241,-0.8637714223917549
0.4,-0.179052532029123,6.858558116406968,6.858558116407016,7.038487862585908,7.0384878625859475,9.316923005652184,9.319457172055788,9.32145924830302,9.321459248303073,9.326626027436978,7.037610648436091,7.037610648436139,7.217540394615032,7.217540394615071,9.495975537681307,9.498509704084912,9.500511780332143,9.500511780332197,9.505678559466102,0.3027393061671108,-0.9017402893234732
0.41000000000000003,-0.19142545680800008,6.714827829302319,6.7148278293023385,6.907297589592897,6.907297589592926,9.135934851696875,9.138898066697971,9.141238509700528,9.14123850970053,9.147293661016,6.906253286110319,6.9062532861103385,7.098723046400897,7.098723046400926,9.327360308504876,9.330323523505971,9.332663966508528,9.33266396650853,9.338719117824,0.3295632112146227,-0.9411408571332298
0.42,-0.2044790530826227,6.56976545303875,6.569765453038776,6.775487708402511,6.775487708402531,8.953539815841625,8.957000968396938,8.95973439443356,8.959734394433564,8.966825084121743,6.774244506121373,6.7742445061213985,6.979966761485134,6.979966761485154,9.158018868924247,9.16148002147956,9.164213447516182,9.164213447516186,9.171304137204364,0.3585987315452093,-0.9820626604258051
0.43,-0.21825212336276312,6.423290169502494,6.423290169502502,6.643022573670509,6.6430225736705175,8.769617869656575,8.77365686835455,8.776846881156425,8.776846881156427,8.785145337046252,6.641542292865258,6.641542292865266,6.861274697033272,6.861274697033281,8.987869993019338,8.991908991717313,8.995099004519188,8.99509900451919,9.003397460409015,0.3900479794867649,-1.0246034224888798
0.44,-0.23278662622738897,6.275313738717776,6.275313738717777,6.509863662539194,6.509863662539197,8.584033582718911,8.588743174266622,8.59246397891839,8.59246397891842,8.6021721611437,6.508100364945165,6.508100364945166,6.742650288766583,6.742650288766586,8.8168202089463,8.82152980049401,8.82525060514578,8.82525060514581,8.83495878737109,0.42413608581717116,-1.0688700779204559
0.45,-0.2481280203723316,6.1257395235156125,6.125739523515627,6.375969276178148,6.375969276178168,8.39663354410197,8.40212143349285,8.406459778562926,8.406459778562958,8.41781503397227,6.373867543887944,6.373867543887958,6.62409729655048,6.6240972965505,8.644761564474301,8.65024945386518,8.654587798935257,8.654587798935289,8.6659430543446,0.4611144778225868,-1.114979962610573
0.46,-0.264325657118755,5.974461340813249,5.974461340813265,6.241294204046428,6.24129420404643,8.207243264470074,8.213634578217647,8.218692100983432,8.218692100983459,8.23197403498254,6.238786997932005,6.238786997932021,6.505619861165183,6.505619861165186,8.47156892158883,8.477960235336402,8.483017758102187,8.483017758102214,8.496299692101296,0.5012647363174134,-1.1630622059351252
0.47000000000000003,-0.2814332300093957,5.821362100327607,5.821362100327619,6.105789345559401,6.10578934555941,8.015663441223712,8.023103573551458,8.028999641189525,8.028999641189541,8.044538501824524,6.102795330337003,6.102795330337014,6.387222575568797,6.3872225755688055,8.297096671233108,8.304536803560854,8.310432871198921,8.310432871198937,8.32597173183392,0.5449031574131927,-1.2132593690178497
0.48,-0.2995092920319131,5.666312180934133,5.666312180934158,5.969401283020873,5.96940128302088,7.821665442010162,7.830323316415917,7.837198477816924,7.837198477816929,7.85538542477801,5.965821472966046,5.965821472966071,6.268910575052786,6.268910575052793,8.121174734042075,8.129832608447831,8.136707769848837,8.136707769848842,8.154894716809924,0.5923861781393145,-1.2657293847174182
0.49,-0.3186178534395792,5.509167480991967,5.509167480992,5.832071798732115,5.832071798732142,7.624985829925439,7.6350575906551645,7.643077779075683,7.6430777790757,7.664377509188601,5.827785334431546,5.827785334431579,6.150689652171694,6.150689652171721,7.943603683365018,7.953675444094744,7.961695632515262,7.961695632515279,7.98299536262818,0.6441168689554453,-1.3206478706262297
0.5,-0.33882907626109815,5.349767060678044,5.3497670606780465,5.693737328095845,5.693737328095869,7.425319717562538,7.437032830172146,7.4463944852320365,7.446394485232054,7.471360810648208,5.688596136939142,5.688596136939145,6.032566404356944,6.032566404356968,7.764148793823637,7.775861906433244,7.785223561493135,7.785223561493153,7.810189886909306,0.7005527547624032,-1.378210907284602
0.51,-0.36022008563849894,5.18793027022621,5.187930270226238,5.554328339280108,5.554328339280121,7.222312699195508,7.235930375558178,7.246866680921929,7.246866680921947,7.276161811171966,5.548150355864709,5.548150355864737,5.914548424918607,5.91454842491862,7.582532784834007,7.596150461196677,7.607086766560428,7.607086766560446,7.636381896810465,0.7622153049806427,-1.4386384021157226
0.52,-0.3828759234363284,5.0234532259480735,5.02345322594808,5.413768628576015,5.413768628576037,7.015551076810016,7.03137683102618,7.044165283770373,7.044165283770393,7.0785837507234985,5.406329149384402,5.406329149384408,5.796644552012344,5.796644552012365,7.398427000246345,7.414252754462509,7.427041207206702,7.427041207206722,7.461459674159827,0.8297015410266942,-1.5021781983252773
0.53,-0.4068906765988606,4.8561044533973305,4.856104453397355,5.271974518967223,5.271974518967257,6.804550078850343,6.8229320424525115,6.837903565060549,6.837903565060571,6.878401947385184,5.262995129996191,5.262995129996216,5.678865195566083,5.678865195566117,7.211440755449203,7.229822719051372,7.2447942416594096,7.244794241659431,7.285292623984044,0.903698358492541,-1.5691111416799124
0.54,-0.4323688221731841,4.685619460604411,4.68561946060443,5.128853947620986,5.128853947620999,6.588739794318533,6.610074139323293,6.627623881961169,6.6276238819611875,6.675357715351767,5.117988282777595,5.117988282777614,5.56122276979417,5.561222769794183,7.021108616491717,7.042442961496477,7.059992704134353,7.0599927041343715,7.107726537524951,0.9850003701290816,-1.6397573933936356
0.55,-0.45942684375893655,4.511693929710998,4.511693929711024,4.98430542601942,4.984305426019432,6.367448652320867,6.3921810502455845,6.412780844541536,6.412780844541586,6.469150296390824,4.971120773469934,4.97112077346996,5.443732269778356,5.443732269778368,6.826875496079803,6.851607894004521,6.872207688300472,6.872207688300522,6.92857714014976,1.074532372662805,-1.7144843844676343
0.56,-0.4881951918639274,4.333975117673788,4.333975117673801,4.838216854308863,4.838216854308869,6.139884541635191,6.16850799236583,6.192719987468346,6.192719987468346,6.259425913184911,4.822170309537715,4.822170309537729,5.32641204617279,5.326412046172797,6.628079733499119,6.656703184229758,6.680915179332273,6.680915179332273,6.747621105048839,1.1733779692892905,-1.7937169613414594
0.5700000000000001,-0.5188206854623805,4.152050931219075,4.152050931219083,4.690464169215328,4.690464169215338,5.905114202794626,5.938160805366177,5.966650928012096,5.966650928012115,6.045762556740241,4.670871616681456,4.670871616681463,5.209284854677708,5.209284854677719,6.423934888257007,6.456981490828557,6.485471613474477,6.485471613474495,6.564583242202621,1.282816509129726,-1.877950498926603
0.58,-0.5514694873744898,3.9654359855119035,3.965435985511929,4.5409098026796215,4.540909802679648,5.662042503188462,5.700065934465721,5.733614112052529,5.733614112052547,5.827648305757198,4.5169054728863935,4.516905472886419,5.092379290054112,5.092379290054138,6.213511990562952,6.251535421840211,6.285083599427019,6.285083599427037,6.379117793131688,1.404371444871045,-1.9677680934833233
0.59,-0.5863308372252144,3.77355377525822,3.7735537752582307,4.38940092639978,4.389400926399787,5.409394821413364,5.45293982764566,5.492440877450549,5.4924408774505515,5.604449622496702,4.359884612483435,4.359884612483445,4.975731763624995,4.975731763625002,5.9957256586385785,6.039270664870875,6.078771714675764,6.078771714675766,6.190780459721917,1.5398746389870182,-2.0638634562879536
0.6,-0.623621801128854,3.5757139056327283,3.575713905632742,4.235767456055177,4.235767456055179,5.145708158557354,5.195264125344399,5.241708269434722,5.2417082694347545,5.375363805926791,4.199335706761582,4.199335706761596,4.859389257184031,4.8593892571840325,5.769329959686208,5.818885926473253,5.865330070563576,5.8653300705636084,5.998985607055645,1.6915533636347886,-2.167071910971285
0.61,-0.6635934105268977,3.3710832162472504,3.3710832162472935,4.079819788616551,4.079819788616592,4.869339606300017,4.925278785655684,4.97969378447066,4.979693784470679,5.139346022112655,4.034676626774148,4.034676626774191,4.743413199143449,4.74341319914349,5.532933016826915,5.588872196182582,5.643287194997558,5.643287194997576,5.802939432639552,1.8621502401403656,-2.2784131216092414
0.62,-0.7065387362849614,3.158649742235166,3.1586497422351747,3.9213462475584353,3.921346247558457,4.578503557740827,4.641012642233663,4.704342283058927,4.704342283058937,4.894995306110723,3.8651884785201274,3.8651884785201363,4.627884983843397,4.627884983843418,5.285042294025788,5.347551378518624,5.410881019343888,5.410881019343898,5.601534042395684,2.0550920135617075,-2.399151131352276
0.63,-0.7528037161062189,2.937179124157284,2.937179124157288,3.760110215073203,3.7601102150732473,4.271349452293618,4.340376322015841,4.413268532598926,4.413268532598949,4.640375304457245,3.689982840263503,3.689982840263507,4.512913931179422,4.512913931179466,5.024153168399837,5.0931800381220595,5.166072248705145,5.166072248705168,5.393179020563464,2.274732372416361,-2.5308804665083744
0.64,-0.8028019885957235,2.705164936544548,2.7051649365445725,3.595846939088438,3.5958469390884877,3.9460866312905436,4.021337627514515,4.103832124638246,4.103832124638258,4.372737403896317,3.5079669251402716,3.507966925140296,4.398648927684161,4.398648927684211,4.748888619886267,4.824139616110238,4.906634113233969,4.906634113233981,5.17553939249204,2.5267097206345994,-2.675652325037783
0.65,-0.8570356998765848,2.460778521224282,2.460778521224307,3.4282600181655796,3.428260018165596,3.6011493180456395,3.68217372819434,3.773327240725949,3.773327240725968,4.088123839387937,3.3178142211008668,3.317814221100892,4.285295718042164,4.285295718042181,4.458185017922224,4.539209428070925,4.6303629406025335,4.630362940602553,4.945159539264522,2.818487845523779,-2.836163762784476
0.652,-0.8684427863666646,2.410230526976082,2.4102305269761115,3.3943152618746355,3.394315261874661,3.5296896293162296,3.611812774556909,3.704473650981374,3.7044736509813747,4.028702999921992,3.278673313342747,3.278673313342776,4.262758048241301,4.262758048241325,4.398132415682895,4.480255560923574,4.572916437348038,4.57291643734804,4.897145786288657,2.8824511380165716,-2.8704536539822527
0.654,-0.8800492434093568,2.3590820039820253,2.3590820039820453,3.360221575191236,3.3602215751912414,3.4573877687280685,3.5405931690452803,3.634660167112683,3.634660167112694,3.968330646544935,3.239131247391382,3.239131247391402,4.240270818600592,4.240270818600598,4.337437012137425,4.420642412454637,4.514709410522039,4.514709410522051,4.848379889954291,2.9484960724154394,-2.9055487530047457
0.656,-0.891860983795228,2.307313078428628,2.3073130784286544,3.3259760570964336,3.3259760570964456,3.3842377897636315,3.4685107124513617,3.5638708750965655,3.5638708750965717,3.9069496372843857,3.1991740622238565,3.1991740622238822,4.217837040891662,4.217837040891673,4.27609877355886,4.36037169624659,4.455731858891793,4.4557318588918,4.798810621079614,3.016726336480884,-2.9414860419887967
0.658,-0.9038842114029868,2.2549033106755973,2.25490331067561,3.2915757407435065,3.2915757407435224,3.310234711566437,3.395562585623677,3.4920912347678223,3.492091234767846,3.8444999063489647,3.158787522078584,3.1587875220785966,4.195459952146493,4.195459952146509,4.214118922969424,4.299446797026664,4.395975446170809,4.395975446170833,4.748384117751952,3.087252959151338,-2.978305050809649
0.66,-0.916125441849294,2.201831717714224,2.201831717714239,3.2353745429489518,3.2570175921192144,3.2570175921192193,3.321747365631025,3.4193082115667353,3.4193082115667677,3.7809187410859657,3.117957159563518,3.117957159563533,4.151499984798246,4.1731430339685085,4.173143033968513,4.2378728074803185,4.335433653416029,4.335433653416062,4.69704418293526,3.160194973927969,-3.016048080280002
0.662,-0.9285915250030056,2.148076802568764,2.148076802568783,3.1596542998393535,3.2222985087037017,3.222298508703724,3.247065028669966,3.345510398222902,3.345510398222915,3.716141196437401,3.0766683275717694,3.0766683275717885,4.088245824842359,4.150890033706707,4.150890033706729,4.1756565536729715,4.274101923225908,4.2741019232259205,4.644732721440406,3.235680152680963,-3.054760448050111
0.664,-0.9412896695610258,2.093616591346111,2.093616591346122,3.083072015933914,3.1715169396733907,3.1874153181317966,3.1874153181318188,3.270688123694483,3.270688123694513,3.650100667989468,3.034906260907137,3.0349062609071478,4.02436168549494,4.112806609234417,4.128704987692823,4.128704987692845,4.2119777932555085,4.211977793255539,4.591390337550494,3.3138458181644337,-3.0944907597353444
0.666,-0.9542274699051939,2.038428678625388,2.0384286786254098,3.0056267464327893,3.095105828862631,3.152364776858815,3.15236477685882,3.1948335468533875,3.1948335468533897,3.582729641035129,2.992656148530582,2.9926561485306036,3.959854216337983,4.049333298767825,4.106592246764009,4.106592246764014,4.149061016758582,4.1490610167585835,4.536957110940323,3.394839744554316,-3.1352912080875917
0.668,-0.9674129354860335,1.982490281842808,1.982490281842814,2.927318564849402,3.017835755751094,3.117143568833617,3.1171435688336304,3.1179407326807005,3.1179407326807103,3.513960626237617,2.9499032173288415,2.9499032173288473,3.8947315003354355,3.9852486912371274,4.08455650431965,4.084556504319664,4.085353668166734,4.085353668166744,4.48137356172365,3.478821156474622,-3.177217903346719
0.67,-0.9808545230073422,1.925778305265479,1.9257783052655078,2.848148552996327,2.93971206134515,3.040005709104177,3.04000570910419,3.0817483041831095,3.081748304183136,3.4437272819950344,2.906632828272821,2.90663282827285,3.8290030760036693,3.920566584352492,4.020860232111519,4.0208602321115325,4.062602827190451,4.062602827190478,4.424581805002377,3.5659618382654865,-3.2203312382611253
0.672,-0.9945611717183909,1.8682694140583387,1.8682694140583556,2.7681187843599213,2.8607413094881418,2.9610265030592795,2.961026503059285,3.0461755179114753,3.046175517911482,3.3719657093680326,2.8628305857767296,2.8628305857767464,3.762679956078312,3.8553024812065324,3.9555876747776706,3.955587674777676,4.040736689629866,4.040736689629873,4.366526881086424,3.6564473666818627,-3.264696291651849
0.674,-1.008542342156355,1.8099401188242759,1.8099401188242978,2.687232301177164,2.7809312184458683,2.881003154869317,2.8810031548693247,3.0104216686182665,3.010421668618268,3.298615887960054,2.818482460980631,2.818482460980653,3.695774643333519,3.7894735606022234,3.889545497025672,3.8895454970256798,4.018964010774622,4.0189640107746225,4.307158230116409,3.750478481806773,-3.310383274815083
0.676,-1.0228080587219464,1.7507668708401931,1.7507668708401967,2.6054930856214624,2.7002905839327895,2.7999377105958425,2.799937710595878,2.974483137240256,2.974483137240264,3.2236232017892985,2.7735749295621392,2.773574929562143,3.628301144343409,3.723098642654736,3.822745769317789,3.8227457693178244,3.997291195962202,3.99729119596221,4.246431260511245,3.8482726127255233,-3.357468025510397
0.678,-1.037368956516301,1.6907261680161476,1.6907261680161685,2.522906025584101,2.618829194826104,2.7178341925823135,2.7178341925823366,2.9383562258214795,2.93835622582148,3.1420834967559172,2.7280951245324485,2.7280951245324694,3.5602749821004016,3.656198151342405,3.755203149098614,3.7552031490986373,3.97572518233778,3.975725182337781,4.179452453272218,3.950065576443764,-3.4060325547657704
0.68,-1.0522363329170026,1.6297946713726938,1.6297946713727023,2.4394768756047043,2.536557742808235,2.6346985489745145,2.634698548974525,2.902037156316501,2.902037156316522,3.0463115142867205,2.6820310042896964,2.682031004289705,3.491713208521707,3.5887940757252377,3.686934881891517,3.6869348818915277,3.9542734892335036,3.9542734892335245,4.098547847203723,4.056113470641163,-3.4561656522384943
0.682,-1.0674222044268948,1.5679493315637598,1.567949331563787,2.3552122135563875,2.453487727119093,2.550538583526941,2.550538583526953,2.8655220694330135,2.8655220694330494,2.949896183636306,2.6353715359906547,2.6353715359906817,3.422634417983282,3.5209099315459875,3.6179607879538356,3.617960787953848,3.932944273859908,3.9329442738599445,4.017318388063201,4.166694783126572,-3.5079635563946443
0.684,-1.0829393693900646,1.505167524673274,1.5051675246732965,2.2701193937262247,2.369631355495102,2.4653638674679255,2.4653638674679783,2.828807023519271,2.828807023519272,2.8528432562306154,2.5881068940633387,2.588106894063361,3.353058763116289,3.4525707248851667,3.54830323685799,3.548303236858043,3.9117463929093352,3.911746392909337,3.9357826256206803,4.282112743277856,-3.5615306962951334
0.686,-1.0988014772368757,1.4414271961895055,1.4414271961895078,2.184206496953256,2.285001442226812,2.3791856355837653,2.379185635583775,2.7551591139985736,2.7918879935024816,2.791887993502492,2.5402286734263813,2.5402286734263835,3.2830079741901317,3.3838029194636876,3.477987112820641,3.4779871128206508,3.8539605912354493,3.8906894707393573,3.8906894707393676,4.402697943269674,-3.6169805122792313
0.6880000000000001,-1.1150231049930053,1.3767070117210687,1.3767070117210745,2.097482278490431,2.1996113040860514,2.292016668974078,2.292016668974114,2.6568507303962727,2.7371539449625693,2.737153944962619,2.491730116714074,2.4917301167140797,3.2125053834834363,3.3146344090790567,3.4070397739670835,3.4070397739671194,3.771873835389278,3.8521770499555745,3.8521770499556243,4.528811259451908,-3.6744363632877928
0.6900000000000001,-1.1316198418666368,1.3109865126748135,1.3109865126748155,2.0099561142487365,2.113474654670655,2.203871167126331,2.2038711671263664,2.5579256291620216,2.6498746986457857,2.649874698645792,2.44260635454145,2.4426063545414523,3.141575956115373,3.245094496537292,3.3354910089929675,3.335491008993003,3.6895454710286586,3.7814945405124227,3.781494540512429,4.660847106734856,-3.734032528919491
0.6920000000000001,-1.1486083828122324,1.2442462747824266,1.24424627478244,1.9216379460598962,2.026605497493153,2.1147646120470642,2.1147646120470687,2.4583918413235164,2.5565529085907026,2.5608594811466747,2.392854657594659,2.3928546575946728,3.0702463288721287,3.1752138803053853,3.2633729948592967,3.263372994859301,3.607000224135749,3.705161291402935,3.709467863958907,4.799237061115051,-3.7959153145024183
0.6940000000000001,-1.166006632058204,1.1764680670571013,1.1764680670571184,1.8325382265611876,1.9390180179100907,2.0247136271840462,2.0247136271840662,2.3582578609709275,2.4522775866366877,2.4701464496723484,2.3424746991153054,2.3424746991153222,2.9985448586193915,3.1050246499682945,3.1907202592422506,3.19072025924227,3.524264493029132,3.6182842186948916,3.6361530817305523,4.944453887312962,-3.86024426740054
0.6960000000000001,-1.183833817677102,1.1076350085007587,1.107635008500774,1.7426678642649178,1.850726473762125,1.9337358337797135,1.933735833779716,2.2575326002981204,2.34754312518134,2.3777829217072215,2.2914688261778604,2.291468826177876,2.9265016819420198,3.034560291439227,3.117569651456815,3.117569651456818,3.4413664179752224,3.531376942858442,3.5616167393843234,5.097016009576973,-3.927193512339808
0.698,-1.2021106183676817,1.0377317196846259,1.0377317196846336,1.6520381693249115,1.761745084377907,1.8418497071262192,1.84184970712625,2.1562253443887927,2.242358186078042,2.283823948531365,2.2398423380523074,2.2398423380523154,2.8541487876925933,2.9638557027455885,3.043960325493901,3.0439603254939316,3.3583359627564744,3.444468804445724,3.4859345668990467,5.257492463591341,-3.996953212567727
0.7,-1.2208593037048747,0.96674446620938,0.9667444662093884,1.5606608004595293,1.6720879174017649,1.7490744349656484,1.749074434965651,2.0543457061959174,2.1367314155952677,2.1770487062372275,2.1876037699142548,2.187603769914263,2.7815201041644038,2.8929472211066396,2.969933738670523,2.969933738670526,3.275205009900792,3.357590719300142,3.3979080099421024,5.426508365500607,-4.069731161935797
0.702,-1.2401038891888647,0.8946612910277626,0.8946612910277667,1.4685477134324862,1.581768772746898,1.6554297800042348,1.655429780004239,1.9519035821252944,2.030671426961901,2.069142519501948,2.134765180216627,2.1347651802166316,2.7086516026213507,2.821872661935763,2.8955336691930995,2.895533669193104,3.192007471314159,3.2707753161507656,3.3092464086908127,5.604750929489347,-4.145754510223206
0.704,-1.2598703074809747,0.8214721326963733,0.821472132696375,1.3757111114348024,1.4908010628695025,1.5609359482113931,1.5609359482114145,1.8489091085944074,1.9241867843035385,1.9608869969411582,2.081342440177348,2.08134244017735,2.635581418915777,2.750671370350477,2.820806255692368,2.820806255692389,3.1087794160753823,3.1840570917845135,3.2207573044221327,5.792976057013179,-4.225271619825107
0.706,-1.280186597237687,0.7471689268168302,0.7471689268168387,1.2821633976515876,1.399197688523399,1.4656134642610175,1.4656134642610186,1.74537261989304,1.8172859879509777,1.8522882835650365,2.027355524054517,2.0273555240545256,2.5623499948892743,2.6793842857610857,2.7458000614987044,2.7458000614987057,3.025559217130727,3.0974725851886644,3.1324748808027234,5.9920155071535905,-4.308554045808555
0.708,-1.3010831109296377,0.6717456882313554,0.6717456882313613,1.18791713024112,1.3069709092152508,1.3694830551633255,1.3694830551633375,1.6413046076276798,1.7099774610913667,1.7433524544698615,1.9728287991609932,1.972828799160999,2.489000241170758,2.6080540201448885,2.6705661660929634,2.670566166092975,2.9423877185573177,3.0110605720210044,3.044435565399499,6.2027846366900246,-4.395898622659782
0.71,-1.3225927429361348,0.5951985719451414,0.5951985719451414,1.092984979898575,1.214132207766157,1.2725655428374472,1.2725655428374494,1.5367156819846415,1.6022695377223446,1.634085510157133,1.9177913148812762,1.9177913148812762,2.4155777228347097,2.5367249507022915,2.595158285773582,2.595158285773584,2.8593084249207763,2.9248622806584796,2.956678253093268,6.426290667764578,-4.487629628996993
0.712,-1.3447511790067703,0.5175259112446969,0.5175259112447017,0.9973796901259495,1.1206921487335841,1.1748817460996104,1.1748817460996193,1.4316165350033612,1.4941704518639032,1.5244933723728369,1.8622770902514674,1.862277090251472,2.3421308691327196,2.4654433277403545,2.5196329251063805,2.5196329251063894,2.7763677140101315,2.8389216308706735,2.869244551379607,6.663641397154873,-4.584100985094621
0.714,-1.3675971678407985,0.4387282320474645,0.43872823204747347,0.9011140402834631,1.0266602310012904,1.0764523922936866,1.0764523922936928,1.3260179060058035,1.385688327974884,1.4145818804417067,1.8063253998882631,1.806325399888272,2.2687112081242615,2.3942573988420888,2.444049560134485,2.4440495601344914,2.693615073846602,2.7532854958156827,2.7821790482825053,6.916054200013046,-4.685698416028754
0.716,-1.3911728149991751,0.35880824312772397,0.35880824312772774,0.8042008114544629,0.9320447356469245,0.9772980385749702,0.977298038574981,1.2199305492885222,1.2768311725180757,1.3043567880707274,1.749981058126899,1.7499810581269029,2.195373626453638,2.3232175506460995,2.3684708535741454,2.368470853574156,2.6111033642876973,2.6680039875172508,2.6955296030699025,7.18486509736709,-4.79284148415004
0.718,-1.4155238985669487,0.27777080249102293,0.2777708024910314,0.7066527551200298,0.8368525712940532,0.8774390026756494,0.8774390026756532,1.1133652041445774,1.167606866613034,1.1938237605960154,1.6932947010579715,1.6932947010579802,2.1221766536869784,2.252376469861002,2.292962901242598,2.292962901242602,2.528889102711526,2.5831307651799826,2.609347659162964,7.471537544627907,-4.905985356757685
0.72,-1.4407002048427089,0.1956228607822467,0.19562286078224767,0.6084825646060794,0.7410891205807687,0.7768953028316881,0.7768953028317037,1.0063325672480503,1.058023159714205,1.0829883726465563,1.6363230656249557,1.6363230656249566,2.0491827694487883,2.1817893254234777,2.217595507674397,2.2175955076744125,2.4470327720907594,2.4987233645569136,2.5236885774892652,7.777670450859695,-5.02562212650476
0.722,-1.4667558807453982,0.11237338318508559,0.11237338318509103,0.5097028492392206,0.6447580931383012,0.6756866064343985,0.6756866064344037,0.8988432674031814,0.948087664250928,0.9718561061991029,1.5791292639304837,1.5791292639304892,1.9764587299846188,2.1115139738836994,2.142442487179797,2.142442487179802,2.3655991481485796,2.414843544996326,2.438611986944501,8.105004748237514,-5.152281441489512
0.724,-1.4937497974781424,0.028033251776480417,0.028033251776484483,0.41032611112437883,0.5478613925421167,0.5738321868834731,0.573832186883479,0.7909078426319658,0.8378078511644659,0.8604323489983742,1.5217830492546227,1.521783049254627,1.9040759086025212,2.041611190020259,2.0675819843616154,2.067581984361621,2.284657640110108,2.331557648642608,2.3541821464765165,8.455427590863167,-5.286530127840302
0.726,-1.5217459171412413,-0.05738484928189533,-0.05738484928189157,0.31036472443959806,0.4503990069717675,0.47135088805894104,0.4713508880589437,0.682536719551926,0.7271910462786856,0.7487223933173689,1.464361067859346,1.4643610678593497,1.8321106415808392,1.972144924113009,1.9930968052001823,1.993096805200185,2.204282636693167,2.248936963419927,2.27046831045861,8.830972966733754,-5.428970399485255
0.728,-1.5508136503018266,-0.14386656301576622,-0.14386656301576067,0.2098309171287725,0.35236893560288546,0.36826109579307553,0.3682610957930777,0.5737401949744237,0.6162444274408547,0.6367314350331287,1.4069470872860603,1.4069470872860659,1.760644567430599,1.903182585904712,1.919074746094902,1.9190747460949042,2.1245538452762505,2.1670580777426816,2.187545085334955,9.233817155312112,-5.58023614910264
0.73,-1.5810281878801042,-0.23139600046759018,-0.2313960004675862,0.1087367548632724,0.2537671647450766,0.26458071570791486,0.26458071570791486,0.4645284196394659,0.5049750223714158,0.5244645729941518,1.3496321874125141,1.3496321874125181,1.6897649427433767,1.8347953526251808,1.845608903588019,1.845608903588019,2.04555660751957,2.08600321025152,2.105492760874256,9.666267063252985,-5.740986705422479
0.732,-1.6124707850124151,-0.31995589008050956,-0.31995589008050357,0.00709412713595643,0.15458770899441598,0.16032715678379553,0.16032715678379994,0.3549113839888529,0.39338970716289445,0.41192680865633796,1.2925148949319056,1.2925148949319116,1.6195649121483715,1.767058494006831,1.7727979417962108,1.772797941796215,1.967382169001268,2.0058604921753096,2.0243975936687533,10.130739043657742,-5.911897334306963
0.734,-1.645228967802953,-0.4095277326439749,-0.40952773264396874,-0.09508526465275732,0.05482273264427683,0.055517320038608896,0.055517320038613836,0.24489890587087496,0.2814952053706224,0.2991230459654969,1.2357012351589782,1.2357012351589842,1.5501437031501957,1.7000517004472298,1.700746287841562,1.700746287841567,1.890127873673828,1.9267241731735754,1.9443520137684498,10.629725392381317,-6.09364567054004
0.736,-1.6793966262325537,-0.5000919589144482,-0.5000919589144265,-0.1977899172587629,-0.049832408279219295,-0.049832408279215624,-0.04553723530047221,0.13450062006216418,0.16929808764030546,0.18605809146500696,1.1793046673181053,1.179304667318127,1.4816067089737908,1.6295642179533345,1.629564217953338,1.6338593909320815,1.8138972462947178,1.848694713872859,1.8654547176975607,11.165745391319268,-6.2868932194848375
0.738,-1.715073948358135,-0.5916280872120434,-0.591628087212031,-0.30100853394948285,-0.15570615954933142,-0.15570615954932776,-0.14650298345046428,0.023725969488763893,0.0568047718202775,0.07273665460870071,1.1234458611460916,1.123445861146104,1.4140654144086522,1.5593677888088036,1.559367788808807,1.5685709649076707,1.738799917846899,1.7718787201784125,1.7878106029668357,11.74127764562546,-6.4922610996097685
0.74,-1.7523671430666452,-0.6841148785469992,-0.6841148785469899,-0.40473003128960966,-0.26208858221879705,-0.26208858221879655,-0.24808619559961573,-0.08741580197443906,-0.055978476490954804,-0.04083665174040113,1.068252264519646,1.0682522645196553,1.3476371117770356,1.4902785608478482,1.4902785608478486,1.5042809474670296,1.664951341092206,1.6963886665756904,1.7115304913262441,12.358670697426952,-6.710299357294125
0.742,-1.7913878922701634,-0.7775304871297375,-0.7775304871297211,-0.5089435444926412,-0.36896483831159566,-0.36896483831159066,-0.35029893088088415,-0.1989156552463163,-0.1690455430084222,-0.15465731064344845,1.0138574051404259,1.0138574051404423,1.2824443477775223,1.4224230539585676,1.4224230539585727,1.4410889613892792,1.592472237023847,1.6223423492617413,1.6367305816267148,13.020029694119396,-6.941449532820711
0.744,-1.83225247032331,-0.8718526044473165,-0.8718526044473117,-0.6136384314687343,-0.47632059745634475,-0.4763205974563429,-0.45315302501821403,-0.310764760443649,-0.282390463479147,-0.2687209002683866,0.9603998658759936,0.9603998658759983,1.2186140388545756,1.3559318728669654,1.3559318728669671,1.379099445305096,1.521487709879661,1.549862006844163,1.5635315700549235,13.727078470535355,-7.1860007510488835
0.746,-1.8750804709391595,-0.9670585954311508,-0.96705859543113,-0.7188042756933759,-0.5841420288390782,-0.5841420288390673,-0.5566594426210257,-0.42295450006351193,-0.3960074220960874,-0.3830230929379021,0.9080218755080087,0.9080218755080295,1.1562761952457836,1.2909384421000814,1.2909384421000922,1.318421028318134,1.4521259708756475,1.4790730488430721,1.4920573780012574,14.48099897612707,-7.4440404971520575
0.748,-1.9199930926846516,-1.0631256255795751,-1.0631256255795551,-0.8244308880155141,-0.692415791446768,-0.6924157914467615,-0.6608276202372882,-0.5354764710568272,-0.5098907496452518,-0.49755965405765296,0.8568674671050764,0.8568674671050964,1.0955622046691373,1.2275773012378837,1.22757730123789,1.2591654724473633,1.3845166216278244,1.4101023430393997,1.4224334386269986,15.28225364503705,-7.715402421435808
0.75,-1.9671109559173856,-1.1600307782251709,-1.1600307782251436,-0.9305083075162185,-0.801129022928221,-0.8011290229282169,-0.7656648458999796,-0.648322485901568,-0.6240349214210617,-0.6123264409390029,0.8070801776922147,0.807080177692242,1.0366026484011672,1.1659819329891645,1.1659819329891687,1.201446110017406,1.3187884700158174,1.343076034496324,1.3547845149783826,16.13040095845283,-7.999614927374121
0.752,-2.016551458658263,-1.2577511614359222,-1.2577511614359085,-1.0370268015226463,-0.9102693273613713,-0.9102693273613676,-0.8711757214806833,-0.7614845727788245,-0.7384345549420426,-0.7273194015291117,0.7588002972223409,0.7588002972223546,0.9795246571356169,1.1062821312968918,1.1062821312968956,1.14537573717758,1.2550668858794385,1.2781169037162206,1.2892320571291513,17.023919632603025,-8.29585575471253
0.754,-2.068425726445669,-1.3562640043118808,-1.356264004311862,-1.1439768648743778,-1.0198247621812422,-1.019824762181238,-0.9773617485494954,-0.8749549749494057,-0.8530844074966734,-0.8425345730607707,0.7121617221337881,0.712161722133807,0.9244488615712911,1.0486009642644267,1.048600964264431,1.0910639778961735,1.1934707514962632,1.2153413189489957,1.2258911533848982,17.960061693460897,-8.602918969545177
0.756,-2.122835268807905,-1.4555467426725004,-1.455546742672483,-1.25134921853243,-1.1297838244903173,-1.1297838244903133,-1.0842210671481485,-0.9887261494227122,-0.9679793735463145,-0.9579680806331069,0.6672885261354047,0.667288526135422,0.8714860502754751,0.9930514443175877,0.9930514443175917,1.0386142016597566,1.1341091193851929,1.1548558952615906,1.164867188174798,18.934757860796186,-8.9192013053468
0.758,-2.1798685159969393,-1.5555770943297125,-1.5555770943297014,-1.3591348076138043,-1.2401354369433575,-1.2401354369433464,-1.1917483616767024,-1.1027907650034534,-1.0831144820100824,-1.0736161357336191,0.6242914216672268,0.624291421667238,0.820733708383135,0.9397330790535818,0.9397330790535929,0.9881201543202369,1.077077750993486,1.096754033986857,1.1062523802633202,19.942598634870944,-9.242714229070875
0.76,-2.239597463724586,-1.6563331243032844,-1.656333124303249,-1.4673247989282325,-1.3508689333716106,-1.35086893337161,-1.2999349315702249,-1.2171416997959703,-1.1984848934540697,-1.189475034711092,0.5832643394213017,0.583264339421337,0.7722726647963536,0.8887285303529755,0.8887285303529762,0.9396625321543612,1.0224557639286158,1.0411125702705164,1.050122429013494,20.976909953673125,-9.571126121850199
0.762,-2.3020746882532253,-1.7577933004613484,-1.757793300461318,-1.5759105780866882,-1.4619740442875613,-1.4619740442875588,-1.4087689093567781,-1.3317720382394198,-1.3140858972053926,-1.305541157208272,0.5442813877918768,0.5442813877919073,0.726164110166537,0.840100643965664,0.8401006439656664,0.8933057788964471,0.9703026500138054,0.9879887910478327,0.9965335310449532,22.029932773884596,-9.901835549130931
0.764,-2.3673309974164223,-1.8599365401637107,-1.85993654016371,-1.684883746244923,-1.5734408823884543,-1.5734408823884471,-1.518235597278061,-1.446675067741666,-1.4299129084092206,-1.4218109645622425,0.5073944572527116,0.5073944572527123,0.6824472511714992,0.793890115027968,0.7938901150279751,0.8490954001383613,0.9206559296747563,0.9374180890072017,0.9455200328541797,23.093102279255657,-10.232072166650218
0.766,-2.4353739476078307,-1.9627422485488994,-1.962742248548867,-1.7942361165400447,-1.6852599281586735,-1.685259928158668,-1.6283178871639392,-1.5618442749734796,-1.5459614650456142,-1.5382809981801469,0.4726316990589312,0.47263169905896363,0.641137831067786,0.7501140194491571,0.7501140194491627,0.8070560604438914,0.8735296726343511,0.8894124825622165,0.8970929494276838,24.157407010831147,-10.559017216895986
0.768,-2.506187383068164,-2.0661903491456135,-2.066190349145548,-1.9039597102717594,-1.7974220156530538,-1.7974220156530294,-1.7389967268123252,-1.6772733418794588,-1.662227224920755,-1.654947877896472,0.4399970339225505,0.4399970339226158,0.6022276727964047,0.7087653674151102,0.7087653674151346,0.7671906562558388,0.8289140411887053,0.843960158147409,0.8512395051716921,25.213794507607318,-10.879931912543068
0.77,-2.579732051863484,-2.170261307506477,-2.1702613075064248,-2.0140467528749366,-1.909918318528447,-1.9099183185284359,-1.8502515989415727,-1.792956141456893,-1.7787059626457145,-1.7718083003186704,0.4094707443570069,0.4094707443570593,0.5656852989885475,0.6698137333350371,0.6698137333350482,0.7294804529219114,0.786775910406591,0.8010260892177696,0.8079237515448137,26.253581572879845,-11.19228027743618
0.772,-2.6559472403868716,-2.2749361485602226,-2.2749361485601804,-2.1244896697257927,-2.0227403363779053,-2.022740336377899,-1.9620609845215538,-1.9088867333482513,-1.8953935666147788,-1.8888590371659757,0.38101109182664894,0.38101109182669113,0.5314575706610789,0.6332069040089663,0.6332069040089725,0.6938862558653178,0.7470605070386203,0.7605536737720928,0.7670882032208959,27.26882638759854,-11.493833752278935
0.774,-2.7347532657202125,-2.380196468364227,-2.380196468364193,-2.2352810818185347,-2.135879881409784,-2.135879881409765,-2.074402789485556,-2.0250593592891972,-2.0122860359933283,-2.0060969336069485,0.35455679735598533,0.3545567973560195,0.4994721839016778,0.5988733843104286,0.5988733843104477,0.6603504762346564,0.7096939064310153,0.7224672297268842,0.728656332113264,28.252626636929406,-11.782747914297492
0.776,-2.8160545907350296,-2.4860244409123586,-2.4860244409123045,-2.346413801346254,-2.249329065505136,-2.2493290655051066,-2.187254721200827,-2.1414684384486518,-2.12937947772474,-2.1235189065998474,0.330030149822671,0.33003014982272516,0.46964078938877574,0.5667255252298937,0.566725525229923,0.6287998695342027,0.6745861522863779,0.6866751130102897,0.6925356841351822,29.199320667714957,-12.057606211730919
0.778,-2.8997432908818555,-2.592402820619087,-2.592402820619079,-2.4578808272147254,-2.36308028767721,-2.363080287677187,-2.3005946077155905,-2.258108562694682,-2.246670103563904,-2.2411219432400404,0.3073404702627687,0.30734047026277667,0.44186246366713,0.5366630032046453,0.5366630032046684,0.5991486831662649,0.6416347281871735,0.6530731873179514,0.658621347641815,30.104584079842617,-12.317430535484482
0.78,-2.9857026052372286,-2.699314941060693,-2.6993149410606434,-2.569675340515792,-2.4771262219506673,-2.47712622195063,-2.4144006581844626,-2.3749744918143554,-2.3641542271446507,-2.358903099117959,0.2863876641765355,0.28638766417658523,0.4160272647214365,0.5085763832865613,0.5085763832865986,0.571301947052766,0.6107281134228733,0.6215483780925779,0.6267995061192697,30.965428483564285,-12.561662655924842
0.782,-3.0738103403016326,-2.806744710510522,-2.806744710510487,-2.6817906999825922,-2.5914598056712363,-2.5914598056712355,-2.528651666829066,-2.4920611487142,-2.4818282610867075,-2.4768594966908646,0.2670656297911105,0.26706562979114556,0.39201964031904035,0.48235053463039623,0.4823505346303971,0.5451586734725664,0.5817491915874324,0.5919820792149251,0.596950843610768,31.780119739149665,-12.790123329202396
0.784,-3.163941951162495,-2.91467660476101,-2.914676604761005,-2.794220437446588,-2.706074228251958,-2.7060742282519157,-2.6433271653817725,-2.609363614623788,-2.599688714147691,-2.594988323671142,0.24926534640148468,0.24926534640149,0.3697215137159069,0.457867722910537,0.4578677229105792,0.5206147857807224,0.5545783365387069,0.5642532370148037,0.5689536274913527,32.548038630892975,-13.00295700948391
0.786,-3.255973187943317,-3.0230956576785437,-3.0230956576785024,-2.9069582533136176,-2.8209629203566866,-2.8209629203566795,-2.758407530396799,-2.7268771243216796,-2.7177321884240175,-2.713286831433633,0.2328775302647732,0.2328775302648145,0.34901493462969935,0.4350102675866303,0.4350102675866374,0.49756565754651794,0.5290960636216373,0.5382409995192994,0.5426863565096838,33.2695078450567,-13.200569805070565
0.788,-3.349782255171388,-3.1319874498930913,-3.1319874498930815,-3.0199980120739105,-2.9361195435203564,-2.9361195435203253,-2.8738740523571247,-2.8445970614011986,-2.835955376604882,-2.8317523334441024,0.21779480527829653,0.2177948052783063,0.32978424309747734,0.4136627116510314,0.4136627116510625,0.47590820281426316,0.5051851937701892,0.5138268785665057,0.5180299217272855,33.94560650364654,-13.383567048152841
0.79,-3.4452514808347128,-3.2413380959813636,-3.2413380959813356,-3.1333337378586874,-3.051537980199226,-3.051537980199214,-2.9897089734213225,-2.9625189535904637,-2.9543550592814563,-2.9503822037108662,0.2039133848533492,0.20391338485337718,0.31191774297602537,0.3937135006354868,0.3937135006354988,0.4555425074133903,0.4827325272442491,0.4908964215532565,0.49486927712384654,34.57798888224287,-13.552695121652807
0.792,-3.54226852742887,-3.351134230461163,-3.3511342304611365,-3.246959610054332,-3.167212324245311,-3.1672123242453054,-3.1058955001678674,-3.080638468139578,-3.0729281023151094,-3.0691738752611797,0.19113429696770678,0.19113429696773343,0.295308917374538,0.3750562031835587,0.3750562031835645,0.43637302726100247,0.4616300592892917,0.4693404251137605,0.4730946521676902,35.16871870236459,-13.70879042616252
0.794,-3.640727199286015,-3.461362992876489,-3.4613629928764857,-3.3608699589826863,-3.283136871794554,-3.2831368717945155,-3.222417796984,-3.198951407284898,-3.1916714542645503,-3.188124838643144,0.179364206409526,0.1793642064095291,0.2798572403033286,0.3575903274914607,0.3575903274914993,0.41830940230201463,0.44177579200111694,0.4490557450214645,0.45260236064287085,35.720125532467904,-13.85273685009371
0.796,-3.7405279109499827,-3.572012012216889,-3.5720120122168653,-3.4750592616564306,-3.39930611255896,-3.3993061125589534,-3.3392609649474014,-3.3174537037998792,-3.3105821438756977,-3.3072326404554877,0.16851589873309392,0.16851589873311745,0.2654686492935521,0.3412217983910226,0.3412217983910293,0.4012669460025813,0.42307420715010347,0.429945767074285,0.433295270494495,36.234685903614654,-13.985431953878624
0.798,-3.8415778831567273,-3.6830693908821384,-3.683069390882084,-3.589522137614013,-3.5157147215100517,-3.515714721510045,-3.456411010244488,-3.436141416639301,-3.4296572776332286,-3.426494881904953,0.15850849227458896,0.15850849227464314,0.25205574554271415,0.3258631616466756,0.3258631616466823,0.3851668729122393,0.4054364665174264,0.41192060552349874,0.41508300125177433,36.714928921786054,-14.10776130997182
0.8,-3.9437911289929377,-3.794523688374806,-3.794523688374798,-3.704253344840671,-3.632357550941665,-3.632357550941649,-3.5738548054174992,-3.5550107266829274,-3.548894037375737,-3.5459092173926607,0.1492674406181318,0.1492674406181398,0.23953778415226656,0.3114335780512727,0.3114335780512887,0.3699363235754385,0.3887804023100103,0.39489709161720077,0.39788191160027697,37.163364369826226,-14.22058000369773
0.802,-4.047088285515393,-3.9063639048740786,-3.9063639048740604,-3.819247775778469,-3.749229622898108,-3.7492296228980773,-3.6915800460620365,-3.6740579325829876,-3.668289677974308,-3.665473353130201,0.14072438064131454,0.14072438064133275,0.22784050973692427,0.2978586626172852,0.29785866261731586,0.35550823945335663,0.3730303529324055,0.3787986075410852,0.38161493238519206,37.58243034487494,-14.324700116958411
0.804,-4.151396337399148,-4.018579464823125,-4.018579464823077,-3.9345004534295605,-3.8663261219546645,-3.8663261219546117,-3.8095752050179126,-3.7932794467194713,-3.7878415250749846,-3.785185045785088,0.13281687257602304,0.132816872576071,0.21689588396958737,0.2850702154444833,0.28507021544453615,0.34182113238123524,0.35811689067967656,0.3635548123241632,0.36621129161405985,37.97445714316093,-14.4208830067894
0.806,-4.256648270327837,-4.131160200638472,-4.131160200638337,-4.050006527553342,-3.983642388336322,-3.9836423883363192,-3.9278294856109977,-3.9126717912650752,-3.907546972904482,-3.9050421011570133,0.1254880696893652,0.12548806968949933,0.20664174277449465,0.2730058819915149,0.27300588199151754,0.3288187847168391,0.3439764790627615,0.34910129742335494,0.35160616917082343,38.341644171839235,-14.509835284943795
0.808,-4.362782683626687,-4.244096336632645,-4.244096336632565,-4.165761270960972,-4.1011739113609655,-4.101173911360939,-4.046332775105657,-4.03223159436253,-4.027403482139309,-4.025042372884251,0.11868634699404179,0.11868634699412173,0.19702141266571527,0.26160877226572143,0.2616087722657481,0.3164499085210304,0.33055108926415677,0.33537920148737754,0.3377403107424364,38.68604696735463,-14.592207551186604
0.81,-4.4697433844615055,-4.357378473224608,-4.357378473224604,-4.281760075905945,-4.2189163231927465,-4.218916323192732,-4.165075599206236,-4.151955586414046,-4.1474085778369885,-4.145183761180341,0.11236491123689785,0.1123649112369014,0.18798330855556067,0.2508270612687591,0.2508270612687733,0.30466778525526994,0.31778779804745927,0.3223348066245171,0.3245596232811643,39.009571808411636,-14.668595096370026
0.812,-4.577478979935621,-4.470997571496593,-4.470997571496574,-4.397998450573055,-4.336865392892746,-4.336865392892729,-4.28404907819375,-4.271840596484247,-4.267559847429697,-4.265464211601819,0.10648140843902798,0.10648140843904663,0.1794805293625661,0.2406135870428745,0.24061358704289137,0.2934299017418711,0.30563838345137384,0.3099191325059234,0.3120147683338015,39.313975847536106,-14.739539949842845
0.8140000000000001,-4.685942478576869,-4.584944938145037,-4.5849449381449965,-4.514472015664683,-4.455017020753528,-4.455017020753525,-4.403244885084538,-4.391883548815792,-4.387854938778292,-4.385881713845766,0.10099754043183129,0.10099754043187215,0.17147046291218526,0.23092545782334106,0.23092545782334373,0.2826975934923306,0.2940589297610767,0.2980875397985763,0.30006076473110266,39.60087109973376,-14.805533787625755
0.8160000000000001,-4.795090908918914,-4.699212210862477,-4.699212210862419,-4.631176501083912,-4.573367232903337,-4.5733672329033075,-4.522655206047335,-4.512081459457133,-4.508291558286706,-4.506434300577889,0.09587869805643745,0.09587869805649518,0.16391440783500233,0.22172367601557763,0.22172367601560694,0.27243570287157937,0.2830094494617814,0.28679935063220885,0.28865660834102513,39.871730994545196,-14.867021338131416
0.818,-4.904884959989053,-4.813791344175531,-4.813791344175516,-4.748107742713359,-4.691912176168655,-4.691912176168627,-4.642272703200477,-4.632431433001183,-4.628867469074942,-4.627120046290469,0.09109361581352182,0.09109361581353692,0.15677721727569338,0.21297278382039764,0.21297278382042606,0.262612256788576,0.27245352698786984,0.27601749091411065,0.2777649136985838,40.12789850916937,-14.924404020364126
0.82,-5.0152886463662885,-4.928674595759652,-4.928674595759643,-4.8652616792896675,-4.810648113182475,-4.8106481131824035,-4.762090479827065,-4.752930659433686,-4.749580489210211,-4.747937066189978,0.08661405060663618,0.08661405060664507,0.150026967076621,0.20464053318381303,0.20464053318388498,0.25319816653922356,0.26235798693260204,0.26570815715607754,0.2673515801763102,40.37059515481181,-14.978043627112697
0.822,-5.126268998913634,-5.043854513241611,-5.043854513241597,-4.982634349371147,-4.929571417725258,-4.9295714177252155,-4.882102047983537,-4.873576411089065,-4.87042848999384,-4.868883515114036,0.08241448567202347,0.0824144856720368,0.14363464954248695,0.196697581188376,0.19669758118841862,0.24416695093009722,0.25269258782456916,0.2558405089197944,0.2573854837995979,40.60093029075422,-15.028265925386746
0.824,-5.2377957811940945,-5.159323921496188,-5.15932392149617,-5.100221888397095,-5.048678570288971,-5.048678570288958,-5.00230129843607,-4.994366039712276,-4.9914093943043145,-4.989957586477346,0.07847185969790615,0.0784718596979248,0.1375738927969996,0.18911721090512312,0.18911721090513645,0.23549448275802476,0.24342974148181806,0.24638638688977998,0.24783819471674828,40.81991039787013,-15.075364091285463
0.826,-5.349841230838428,-5.275075910439358,-5.275075910439324,-5.21802052583801,-5.167966153851584,-5.167966153851567,-5.122682472827722,-5.115296973624044,-5.112521174993608,-5.111157511245947,0.07476532039907013,0.07476532039910389,0.13182070500041831,0.18187507698684424,0.18187507698686112,0.22715875801070595,0.23454425721438366,0.23732005584481985,0.2386837195924807,41.02844806300645,-15.119601929541812
0.828,-5.462379824654381,-5.391103823314415,-5.391103823314405,-5.336026582433527,-5.287430849852228,-5.287430849852171,-5.243240137963336,-5.2363667149869855,-5.233761853336093,-5.2324815569395655,0.07127600133996559,0.07127600133997536,0.12635324222085398,0.17494897480215243,0.17494897480220928,0.21913968669104467,0.22601310966739518,0.22861797131828787,0.22989826771481514,41.22737051504876,-15.161216851742488
0.83,-5.575388065983328,-5.5074012454670065,-5.507401245466973,-5.454236467516772,-5.407069434356958,-5.407069434356955,-5.363969162087817,-5.357572837170987,-5.355129497528726,-5.3539280266617375,0.06798682051632188,0.06798682051635563,0.12115159846655654,0.16831863162637006,0.16831863162637362,0.21141890389551143,0.2178152288123414,0.2202585684546028,0.22146003932159086,41.417427619013836,-15.200422603874312
0.832,-5.688844292666741,-5.623961993599024,-5.623961993598996,-5.572646676423463,-5.526878774405229,-5.526878774405199,-5.48486469302625,-5.478912982213844,-5.476622221241481,-5.475495258156282,0.06488229906771714,0.06488229906774468,0.11619761624327829,0.1619655182615123,0.16196551826154248,0.2039795996404914,0.20993131045289726,0.21222207142526006,0.2133490345104594,41.599299281549506,-15.237411745152734
0.834,-5.802728503937233,-5.740780105492274,-5.74078010549222,-5.69125378798203,-5.6468558245278375,-5.646855824527832,-5.605922138059255,-5.600384858375843,-5.59823818221507,-5.597181622891062,0.06194839844495981,0.0619483984450131,0.11147471595520297,0.15587267940939586,0.1558726794094012,0.19680636587797817,0.20234364556139006,0.20449032172216342,0.20554688104617114,41.77360225418541,-15.272357887448498
0.836,-5.9170222045714995,-5.857849830189859,-5.857849830189848,-5.810054462084961,-5.7669976234277325,-5.766997623427709,-5.7271371454037014,-5.721986237784755,-5.719975580906958,-5.718985525166776,0.05917237438164058,0.05917237438165124,0.10696774248653895,0.15002458114376704,0.15002458114379014,0.18988505916779808,0.19503596678674473,0.19704662366454162,0.1980366794047237,41.94089634314855,-15.30541770914818
0.838,-6.031708264702434,-5.975165618620892,-5.97516561862089,-5.929045437336772,-5.887301290815385,-5.887301290815367,-5.848505587177744,-5.843714954168908,-5.8418326591817005,-5.840905401252148,0.05654264608154236,0.056542646081544135,0.10266282736566268,0.14440697388704926,0.14440697388706702,0.18320267752469022,0.18799331053352653,0.1898756055207338,0.19080286345028608,42.101690049183865,-15.336732759749687
0.84,-6.14677079378303,-6.092722114655622,-6.092722114655582,-6.0482235287782045,-6.007764024390504,-6.007764024390465,-5.970023543731986,-5.965568900674863,-5.9638076990466615,-5.962939718542601,0.05404867912740752,0.054048679127447485,0.09854726500482514,0.13900676939252588,0.13900676939256496,0.17674725005104364,0.1812018931081667,0.18296309473636807,0.18383107524042863,42.256445669861264,-15.366431072572402
0.842,-6.262195027295659,-6.210514146575385,-6.210514146575323,-6.16758562568311,-6.12838309696291,-6.128383096962884,-6.091687289238054,-6.087546027768303,-6.085899021430133,-6.085086974744406,0.05168088072027466,0.05168088072033594,0.0946094016125496,0.13381193033274918,0.13381193033277494,0.170507738057605,0.17464899952735635,0.17629600586552652,0.17710805255125361,42.405583901787566,-15.39462860306186
0.844,-6.377967224915213,-6.328536718942001,-6.328536718942,-6.287128689426857,-6.249155853704684,-6.2491558537046235,-6.2134932784300085,-6.209644341213775,-6.208104985000484,-6.207345697081237,0.04943050597321186,0.049430505973212746,0.09083853548835563,0.12881137121052877,0.12881137121058917,0.16447394648520408,0.16832288370143722,0.16986223991472826,0.17062152783397533,42.549487982274215,-15.421430509656396
0.846,-6.494074578946168,-6.44678500485195,-6.446785004851926,-6.406849751423558,-6.37007970952835,-6.370079709528287,-6.335438134404064,-6.331861900131951,-6.330423985026414,-6.329714441524923,0.047289574094217635,0.047289574094241615,0.08722482752260952,0.12399486941781745,0.12399486941788052,0.15863644454210402,0.16221267881421664,0.1636505939197539,0.16436013742124445,42.68850741020083,-15.446932293282611
0.848,-6.610505131962537,-6.565254338558237,-6.565254338558194,-6.526745911129884,-6.491152146582674,-6.491152146582598,-6.457518637386504,-6.454196815130758,-6.452854452275574,-6.452191792047514,0.04525079340429983,0.04525079340434246,0.08375922083265319,0.11935298537986316,0.11935298537993866,0.15298649457603286,0.1563083168317787,0.157650679686963,0.15831333991502294,42.822961284698266,-15.471220810420629
0.85,-6.727247702686085,-6.6839402084462165,-6.683940208446172,-6.646814334113407,-6.612370711861488,-6.6123707118613195,-6.579731714389337,-6.5766472465082995,-6.575394851950694,-6.574776359896127,0.04330749423986813,0.043307494239912536,0.08043336857267747,0.11487699082459635,0.1148769908247651,0.14751598829674784,0.15060045617778517,0.15185285073539045,0.15247134278995755,42.95314129837854,-15.494375173462153
0.86,-7.315295925521925,-7.280469667371767,-7.280469667371752,-7.24964559033467,-7.22057386601191,-7.220573866011879,-7.19268728910145,-7.190571025594967,-7.189694402755197,-7.189260674891556,0.03482625815015794,0.03482625815017304,0.0656503351872546,0.09472205951001467,0.09472205951004575,0.12260863642047504,0.12472489992695746,0.1256015227667282,0.1260352506303688,43.54853973609177,-15.595455219273001
0.87,-7.9098134110200276,-7.881813578989452,-7.881813578989341,-7.8563931714999375,-7.832095833062601,-7.832095833062532,-7.808565893161788,-7.807132487192444,-7.806530142898846,-7.8062316174082,0.027999832030575433,0.027999832030686456,0.05342023952009001,0.07771757795742662,0.0777175779574959,0.10124751785823971,0.10268092382758365,0.10328326812118149,0.10358179361182795,44.06907825723003,-15.676774235011385
0.88,-8.509972573125605,-8.487546633928456,-8.487546633928453,-8.46676696818045,-8.446690899798002,-8.446690899797995,-8.427102769560445,-8.42614832949579,-8.425743398758508,-8.425542409786534,0.022425939197148637,0.02242593919715219,0.043205604945155685,0.06328167332760337,0.06328167332761048,0.08286980356515983,0.08382424362981489,0.08422917436709731,0.08443016333907138,44.53234730201943,-15.74301619246358
0.89,-9.115131005152225,-9.097301590018303,-9.097301590018226,-9.080506510341346,-9.064140435058885,-9.064140435058704,-9.048077549202624,-9.047455880292514,-9.047190669319841,-9.047058854643748,0.017829415133922666,0.01782941513399905,0.03462449481087937,0.05099057009334018,0.05099057009352137,0.06705345594960122,0.06767512485971139,0.06794033583238424,0.06807215050847759,44.950435330624714,-15.797392012944904
0.9,-9.724775457225306,-9.710758685834247,-9.710758685834172,-9.697377239276266,-9.684248944685148,-9.684248944685017,-9.671303674080633,-9.670909956763447,-9.670741637555588,-9.67065788147682,0.01401677139105928,0.014016771391133886,0.02739821794903996,0.04052651254015771,0.04052651254028916,0.05347178314467271,0.05386550046185867,0.05403381966971743,0.05411757574848508,45.33191208685875,-15.84218518434568
0.91,-10.338485634286375,-10.327637323362621,-10.327637323362591,-10.31716732327609,-10.306840839811104,-10.306840839810997,-10.296620890923467,-10.296380278557946,-10.296277492856946,-10.296226294119169,0.010848310923753601,0.0108483109237838,0.02131831101028503,0.031644794475271354,0.031644794475377935,0.041864743362907575,0.04210535572842922,0.042208141429428636,0.042259340167206005,45.68303256704661,-15.879075346506076
0.9199999999999999,-10.955910112062394,-10.947689493518835,-10.947689493518777,-10.939684929029843,-10.931757766689772,-10.931757766689714,-10.923889809343137,-10.923749330718058,-10.923689512034619,-10.92365968947912,0.008220618543559155,0.008220618543617775,0.01622518303255127,0.02415234537262201,0.024152345372680628,0.03202030271925693,0.03216078134433609,0.0322206000277756,0.032250422583274485,46.0084867990461,-15.909335930419664
0.9299999999999999,-11.576749861425853,-11.570694542442137,-11.57069454244212,-11.56475587570241,-11.558856382295989,-11.558856382295955,-11.552987875698294,-11.552910592255891,-11.552877855244915,-11.552861522090291,0.006055318983715807,0.006055318983733571,0.01199398572344279,0.01789347912986372,0.01789347912989747,0.02376198572755861,0.023839269169961597,0.023872006180937433,0.02388833933556178,46.311878879374106,-15.933958476324728
0.94,-12.20074667644228,-12.196454973099247,-12.196454973099213,-12.19222161118717,-12.188006486911574,-12.188006486911513,-12.183806337021355,-12.18376706221807,-12.183750540721237,-12.183742292713875,0.004291703343033859,0.00429170334306761,0.00852506525511032,0.012740189530706658,0.012740189530767054,0.0169403394209251,0.016979614224210238,0.01699613572104397,0.017004383728405514,46.59604071976561,-15.953733105987437
0.95,-12.827674843414211,-12.824793050440837,-12.824793050440787,-12.821937460448742,-12.819089445066624,-12.81908944506657,-12.81624791063508,-12.816230028212978,-12.816222568488923,-12.816218842510114,0.0028817929733744307,0.0028817929734241687,0.005737382965468996,0.00858539834758787,0.00858539834764116,0.011426932779130539,0.011444815201233638,0.011452274925288108,0.011456000904097152,46.86324245100565,-15.96930206943633
0.96,-13.457335003796386,-13.45554803402611,-13.455548034026075,-13.45377110443375,-13.451996841389095,-13.45199684138905,-13.45022496596848,-13.45021803302641,-13.450215168475518,-13.450213737127617,0.0017869697702757037,0.0017869697703112308,0.0035638993626356807,0.005338162407291236,0.005338162407335645,0.007110037827905202,0.007116970769976305,0.007119835320867907,0.0071212666687685555,47.115336709096596,-15.981196325166941
0.97,-14.089549536047778,-14.088573903892831,-14.088573903892678,-14.087601255039957,-14.086629329384904,-14.086629329384781,-14.085658084562738,-14.085656003544008,-14.085655152744899,-14.085654727496001,0.0009756321549474478,0.0009756321551002145,0.0019482810078219615,0.002920206662874847,0.0029202066629974155,0.0038914514850407755,0.003893532503770558,0.0038943833028799446,0.0038948085517773734,47.353859680519314,-15.989861161302388
0.98,-14.724159011678251,-14.723737476894515,-14.723737476894428,-14.723316497385897,-14.722895639904355,-14.722895639904271,-14.722474903841936,-14.722474513083007,-14.722474355134192,-14.722474276171901,0.00042153478373663233,0.0004215347838236738,0.0008425142923549345,0.0012633717738967931,0.0012633717739802819,0.0016841078363150075,0.0016844985952442215,0.0016846565440591377,0.0016847355063500657,47.58010327405768,-15.99567456852995
0.99,-15.361019426251609,-15.360916834388089,-15.36091683438796,-15.360814275322392,-15.360711722743073,-15.360711722743071,-15.360609177026456,-15.36060915376767,-15.360609144478914,-15.360609139834693,0.00010259186352001848,0.00010259186364969253,0.00020515092921691291,0.00030770350853615014,0.0003077035085379265,0.000410249225152981,0.0004102724839381011,0.0004102817726945318,0.0004102864169155396,47.79516763135882,-15.998960709661862
1.0,-16.00000000000003,-16.000000000000014,-16.00000000000001,-16.000000000000007,-16.000000000000007,-16.000000000000004,-15.999999999999995,-15.999999999999993,-15.999999999999961,-8.000000000000023,1.4210854715202004e-14,1.7763568394002505e-14,2.1316282072803006e-14,2.1316282072803006e-14,2.4868995751603507e-14,3.375077994860476e-14,3.552713678800501e-14,6.750155989720952e-14,8.000000000000005,48.00000000000007,-16.000000000000018
